{"cameraMode":{"drawMode":0,"name":"Shaded","section":"Shading Mode"},"sceneLighting":true,"audioPlay":false,"sceneViewState":{"showFog":false,"showMaterialUpdate":false,"showSkybox":false,"showFlares":false,"showImageEffects":false,"showParticleSystems":false},"in2DMode":false,"pivot":{"x":-2.121858835220337,"y":3.9323792457580568,"z":-7.33738899230957},"rotation":{"x":0.3791187107563019,"y":-0.2892400920391083,"z":0.12605684995651246,"w":0.869895875453949},"size":9.504711151123047,"orthographic":false}