{"cameraMode":{"drawMode":0,"name":"Shaded","section":"Shading Mode"},"sceneLighting":false,"audioPlay":false,"sceneViewState":{"showFog":false,"showMaterialUpdate":false,"showSkybox":false,"showFlares":false,"showImageEffects":false,"showParticleSystems":false},"in2DMode":false,"pivot":{"x":-0.6611260175704956,"y":2.1632864475250246,"z":0.20428848266601563},"rotation":{"x":-0.0014799953205510975,"y":0.16277235746383668,"z":0.00024415887310169637,"w":0.9866625070571899},"size":4.935894012451172,"orthographic":false}