{"cameraMode":{"drawMode":0,"name":"Shaded","section":"Shading Mode"},"sceneLighting":false,"audioPlay":false,"sceneViewState":{"showFog":false,"showMaterialUpdate":false,"showSkybox":false,"showFlares":false,"showImageEffects":false,"showParticleSystems":false},"in2DMode":false,"pivot":{"x":-2.1600000858306886,"y":0.9999999403953552,"z":5.800000190734863},"rotation":{"x":0.32011112570762637,"y":0.07803980261087418,"z":-0.026469305157661439,"w":0.9437893033027649},"size":4.041658401489258,"orthographic":false}