{"cameraMode":{"drawMode":0,"name":"Shaded","section":"Shading Mode"},"sceneLighting":true,"audioPlay":false,"sceneViewState":{"showFog":false,"showMaterialUpdate":false,"showSkybox":false,"showFlares":false,"showImageEffects":false,"showParticleSystems":false},"in2DMode":false,"pivot":{"x":-0.09000396728515625,"y":6.620002746582031,"z":-8.050003051757813},"rotation":{"x":0.21650011837482453,"y":-0.7272906303405762,"z":0.26457300782203677,"w":0.5951365828514099},"size":50.346954345703128,"orthographic":false}