{"cameraMode":{"drawMode":0,"name":"Shaded","section":"Shading Mode"},"sceneLighting":false,"audioPlay":false,"sceneViewState":{"showFog":false,"showMaterialUpdate":false,"showSkybox":false,"showFlares":false,"showImageEffects":false,"showParticleSystems":false},"in2DMode":false,"pivot":{"x":0.06607967615127564,"y":1.1305046081542969,"z":0.5597466230392456},"rotation":{"x":0.31655487418174746,"y":0.2586881220340729,"z":-0.09017285704612732,"w":0.9081618785858154},"size":2.832747220993042,"orthographic":false}