{"cameraMode":{"drawMode":0,"name":"Shaded","section":"Shading Mode"},"sceneLighting":false,"audioPlay":false,"sceneViewState":{"showFog":false,"showMaterialUpdate":false,"showSkybox":false,"showFlares":false,"showImageEffects":false,"showParticleSystems":false},"in2DMode":false,"pivot":{"x":1.027538776397705,"y":2.035799980163574,"z":0.9046154022216797},"rotation":{"x":-0.15326747298240663,"y":-0.21831470727920533,"z":0.034740857779979709,"w":-0.9631420373916626},"size":7.8689727783203129,"orthographic":false}