{"cameraMode":{"drawMode":0,"name":"Shaded","section":"Shading Mode"},"sceneLighting":false,"audioPlay":false,"sceneViewState":{"showFog":false,"showMaterialUpdate":false,"showSkybox":false,"showFlares":false,"showImageEffects":false,"showParticleSystems":false},"in2DMode":false,"pivot":{"x":0.07000002264976502,"y":3.9903454780578615,"z":1.0900003910064698},"rotation":{"x":0.4229215383529663,"y":0.10455716401338577,"z":-0.04919808730483055,"w":0.8987855315208435},"size":5.264867782592773,"orthographic":false}