{"cameraMode":{"drawMode":0,"name":"Shaded","section":"Shading Mode"},"sceneLighting":true,"audioPlay":false,"sceneViewState":{"showFog":false,"showMaterialUpdate":false,"showSkybox":false,"showFlares":false,"showImageEffects":false,"showParticleSystems":false},"in2DMode":false,"pivot":{"x":-1.9768058061599732,"y":2.545072555541992,"z":-2.3784332275390627},"rotation":{"x":0.3912956714630127,"y":-0.08373838663101196,"z":0.03578481078147888,"w":0.9157600402832031},"size":15.151983261108399,"orthographic":false}