{"cameraMode":{"drawMode":0,"name":"Shaded","section":"Shading Mode"},"sceneLighting":false,"audioPlay":false,"sceneViewState":{"showFog":false,"showMaterialUpdate":false,"showSkybox":false,"showFlares":false,"showImageEffects":false,"showParticleSystems":false},"in2DMode":false,"pivot":{"x":0.000028848648071289063,"y":-0.06312629580497742,"z":0.016547322273254396},"rotation":{"x":-0.2783292531967163,"y":0.2696170508861542,"z":-0.08172424882650376,"w":-0.9182382822036743},"size":2.889163017272949,"orthographic":false}