{"cameraMode":{"drawMode":0,"name":"Shaded","section":"Shading Mode"},"sceneLighting":false,"audioPlay":false,"sceneViewState":{"showFog":false,"showMaterialUpdate":false,"showSkybox":false,"showFlares":false,"showImageEffects":false,"showParticleSystems":false},"in2DMode":false,"pivot":{"x":-1.2058669328689576,"y":1.2798762321472169,"z":-0.4701859951019287},"rotation":{"x":0.16285444796085359,"y":-0.20844106376171113,"z":0.0352201908826828,"w":0.9637488126754761},"size":1.8817479610443116,"orthographic":false}