{"cameraMode":{"drawMode":0,"name":"Shaded","section":"Shading Mode"},"sceneLighting":false,"audioPlay":false,"sceneViewState":{"showFog":false,"showMaterialUpdate":false,"showSkybox":false,"showFlares":false,"showImageEffects":false,"showParticleSystems":false},"in2DMode":false,"pivot":{"x":0.11328423023223877,"y":1.2086557149887086,"z":-0.0862724781036377},"rotation":{"x":-0.1950409859418869,"y":0.13835875689983369,"z":-0.027803316712379457,"w":-0.9705905318260193},"size":8.963797569274903,"orthographic":false}