{"cameraMode":{"drawMode":0,"name":"Shaded","section":"Shading Mode"},"sceneLighting":false,"audioPlay":false,"sceneViewState":{"showFog":false,"showMaterialUpdate":false,"showSkybox":false,"showFlares":false,"showImageEffects":false,"showParticleSystems":false},"in2DMode":false,"pivot":{"x":-0.7924609184265137,"y":0.7605490684509277,"z":-10.572271347045899},"rotation":{"x":-0.10681242495775223,"y":0.27282795310020449,"z":-0.03049432672560215,"w":-0.9556303024291992},"size":4.715393543243408,"orthographic":false}