{"cameraMode":{"drawMode":0,"name":"Shaded","section":"Shading Mode"},"sceneLighting":false,"audioPlay":false,"sceneViewState":{"showFog":false,"showMaterialUpdate":false,"showSkybox":false,"showFlares":false,"showImageEffects":false,"showParticleSystems":false},"in2DMode":false,"pivot":{"x":-0.41597336530685427,"y":0.710141122341156,"z":0.5979471206665039},"rotation":{"x":0.04780261963605881,"y":-0.0861913412809372,"z":0.004140382166951895,"w":0.995123028755188},"size":3.1966769695281984,"orthographic":false}